 ,1765
工作,1342
—,1054
能力,748
负责,739
经验,703
设计,649
公司,586
文化,577
相关,559
进行,496
推广,496
产品,496
项目,487
类别,487
创意,487
客户,460
职能,460
微信,451
邮件,451
优先,442
具有,433
分析,388
品牌,379
要求,361
良好,361
以上,361
完成,352
沟通,352
较强,352
管理,352
团队,352
市场,352
策划,334
销售,334
活动,316
年,298
关键字,298
任职,289
熟悉,280
企业,262
者,262
方案,244
专业,235
根据,208
独立,208
员工,208
执行,208
能够,199
行业,199
提供,199
组织,199
或,199
以上学历,199
艺术,190
制定,190
我们,190
岗位职责,181
！,181
为,181
协助,172
强,172
在,172
发展,172
计划,172
合作,172
协调,163
软件,163
具备,163
培训,163
宣传,163
部门,163
目标,163
店铺,163
营销,154
意识,145
实施,145
考虑,136
一定,136
经理,136
熟练,136
责任心,136
信息,136
策略,136
制作,136
了解,127
流程,127
各项,127
广告,127
需求,127
开发,127
规划,127
定期,127
文案,127
及时,118
优化,118
服务,118
一个,118
预算,118
人员,118
积极,118
视觉,118
其他,109
维护,109
平台,109
资格,109
处理,109
大专,109
所,109
申报,100
情况,100
提升,100
好,100
建立,100
任务,100
压力,100
设计师,100
职位,100
新,100
运营,100
经营,100
数据,100
本科,91
体系,91
文创,91
各类,91
思维,91
善于,91
招聘,91
不,91
以及,91
业务,91
课程,91
效果,91
类,91
提出,91
渠道,91
更新,91
专员,91
租赁,91
配合,91
时间,82
方向,82
空间,82
做好,82
建设,82
会,82
收集,82
总监,82
操作,82
以,82
产业,82
岁,82
包装,82
※,82
分配,73
安排,73
政府,73
“,73
”,73
丰富,73
媒体,73
学习,73
年龄,73
岗位,73
装修,73
自己,73
展示,73
使用,73
跟进,73
保持,73
优秀,73
淘宝,73
采购,73
建议,64
成功,64
办公,64
功底,64
您,64
按照,64
完善,64
中心,64
日常,64
形象,64
内容,64
关系,64
开展,64
运作,64
上,64
理念,64
各种,64
精神,64
动画,64
你,64
整体,64
30,64
平面设计,64
作品,64
文旅,64
将,64
创作,64
机会,64
研究,64
提高,64
竞争对手,64
问题,64
平面,64
com,64
写字楼,64
承受,64
需,64
施工图,64
美工,64
部门经理,55
质量,55
资料,55
撰写,55
方面,55
从事,55
福利,55
不断,55
管理工作,55
领导,55
记录,55
敏锐,55
适应,55
产业园,55
通过,55
招商,55
支持,55
负责人,55
后,55
电话,55
创新,55
表达能力,55
年度,55
评估,55
个人,55
表现,55
把握,55
很,55
旅游,55
不同,55
限,55
男女,55
带薪,55
环境,55
变化,55
解决,55
技巧,55
网络,55
跟踪,55
过程,55
剪辑,55
网店,55
仓库,55
天猫,55
把,46
确保,46
咨询,46
案例,46
佳,46
精通,46
office,46
文字,46
至少,46
多,46
晋升,46
主任,46
本,46
经历,46
定位,46
性格开朗,46
激情,46
40,46
学历,46
需要,46
特色,46
于,46
物业,46
是,46
也,46
人,46
擅长,46
后期,46
内,46
美术,46
协作,46
战略,46
整理,46
有效,46
费用,46
报告,46
11,46
陈列,46
监控,46
运用,46
统筹,46
较好,46
控制,46
持续,46
影视,46
市场调研,46
中国,46
产品开发,46
网站,46
数据分析,46
细致,46
主管,46
部,46
汽车,46
面试,46
人事,46
l,46
直通车,46
礼品,46
施工,46
控,37
拜访,37
政策,37
或者,37
逻辑思维,37
教育,37
接受,37
没有,37
投递,37
过,37
福利待遇,37
周末,37
国家,37
法定,37
节日,37
氛围,37
传播,37
形式,37
宣导,37
单位,37
内部,37
生产,37
中文,37
新闻,37
传媒,37
表达,37
应聘,37
园区,37
升级,37
希望,37
帮助,37
物料,37
创意设计,37
Photoshop,37
为主,37
资源,37
加入,37
职业,37
描述,37
一年,37
下,37
态度,37
主动,37
解决问题,37
二,37
职责,37
展览,37
布置,37
审美,37
商业,37
独特,37
风格,37
独到,37
见解,37
抗压,37
简历,37
领域,37
思路,37
开拓,37
购买,37
社保,37
免费,37
研究院,37
指导,37
市场营销,37
季度,37
指标,37
具体实施,37
两年,37
专注,37
发掘,37
关键词,37
转化率,37
改进,37
主题,37
依据,37
PS,37
外贸,37
标准,37
调整,37
研发,37
助理,37
办理,37
手续,37
客服,37
年度预算,37
编制,37
成本,37
系统,37
工具,37
拥有,37
保证,37
翻译,37
针对,28
从,28
业务部门,28
灵活,28
应对,28
文化产业,28
但,28
更,28
期待,28
每周,28
双休,28
节假日,28
享受,28
每月,28
让,28
其,28
人才,28
大型,28
洞察,28
组织协调,28
高度,28
敬业精神,28
责任感,28
方式,28
寻求,28
作为,28
未来,28
栋,28
来,28
一,28
代表,28
热情,28
同时,28
有关,28
Illustrator,28
画面,28
活跃,28
监督,28
对于,28
公关能力,28
带领,28
达成,28
每位,28
乐观,28
做五休,28
顾问,28
出,28
效果图,28
AI,28
站,28
心态,28
10,28
注,28
时请,28
动态,28
设计方案,28
完整,28
包括,28
高,28
准确,28
总经理,28
谈判,28
落实,28
28,28
35,28
生日,28
元,28
假,28
发展趋势,28
判断,28
环节,28
观察,28
人际沟通,28
认真,28
介绍,28
结合,28
整合,28
兴趣,28
流量,28
编辑,28
竞价,28
快速,28
客户资源,28
租售,28
馆,28
提交,28
阿里巴巴,28
B2B,28
回复,28
利用,28
图片,28
大,28
发现,28
上市,28
调研,28
竞争,28
促销,28
阶段,28
价值,28
门店,28
区域,28
修改,28
高端,28
书面,28
奖励,28
活力,28
交通,28
到,28
汇总,28
耐心,28
宣传片,28
后期制作,28
绘画,28
MG,28
镜头,28
常用,28
专业知识,28
解决方案,28
客户服务,28
财务,28
会计,28
趋势,28
如,28
愿意,28
早班,28
晚班,28
店,28
反馈,28
后台,28
特点,28
客户关系,28
挑战,28
补贴,28
礼金,28
保管,28
盘点,28
夜班,28
爱,28
书,28
强弱电,28
现场,28
图纸,28
本地化,28
本末,28
这是,28
项目经理,19
进度,19
准备,19
地,19
资金,19
知识,19
全面,19
理解能力,19
综合,19
素质,19
思路清晰,19
金融,19
注意,19
天,19
每天,19
小时,19
五险,19
一金,19
传统,19
不定期,19
业内,19
一次,19
路上,19
提成,19
奖金,19
主要职责,19
嘉科,19
制度,19
集团,19
实力,19
自身,19
对外,19
创建,19
机构,19
企事业,19
用户,19
加强,19
培养,19
管理制度,19
安全,19
保密,19
交办,19
程度,19
影响,19
参与,19
符合,19
品牌形象,19
清晰,19
导向,19
高效,19
执行力,19
领悟,19
富有,19
总结,19
提炼,19
身体健康,19
周岁,19
以下,19
获得,19
放宽,19
报名,19
社会,19
相应,19
上传,19
个人简历,19
工会,19
您好,19
我,19
开办,19
特别,19
总裁,19
工业,19
薪酬,19
改造,19
前,19
地铁口,19
500,19
米,19
100,19
起来,19
主要,19
如果,19
这个,19
重要,19
年轻,19
可以,19
生活,19
通知,19
房地产,19
构思,19
条件,19
校园文化,19
CAD,19
出色,19
手绘,19
富于,19
创造性,19
积极主动,19
展现,19
室内设计,19
3D,19
覆盖率,19
做,19
精准,19
资产,19
信用,19
人力资源,19
商务,19
洞察力,19
考核,19
形成,19
积极向上,19
激发,19
向,19
轮班,19
18,19
20,19
稿,19
形象设计,19
装置,19
策展,19
印刷,19
illustrator,19
市场部,19
角度,19
互联网,19
创新能力,19
艺术设计,19
认识,19
认真负责,19
附上,19
主题公园,19
设立,19
追求,19
影视文化,19
性别,19
英语,19
毕业,19
亲和力,19
编写,19
年底,19
月,19
签订,19
正式,19
满,19
享有,19
聚餐,19
每年,19
舞台,19
管控,19
跨界,19
知名,19
落地,19
组合,19
保障,19
全,19
制订,19
推进,19
改善,19
月度,19
市场推广,19
人际关系,19
亲善,19
树立,19
有文创,19
人脉,19
爱好,19
求知欲,19
敏捷,19
突发事件,19
本艺,19
各地,19
现代,19
地域,19
打造,19
职业规划,19
至,19
邮箱,19
borneast,19
官网,19
www,19
有过,19
逻辑,19
细心,19
搜索引擎,19
多种,19
分类,19
措施,19
切实可行,19
视频,19
业绩,19
交代,19
商务谈判,19
操守,19
较大,19
物业管理,19
展馆,19
大纲,19
展览馆,19
深厚,19
接待,19
半年,19
足够,19
自信,19
欢迎,19
电商,19
新品,19
产品成本,19
功能设计,19
定价,19
全程,19
追踪,19
说明,19
现有,19
长期,19
涉及,19
银行,19
个金,19
贵金属,19
工艺,19
动漫,19
衍生品,19
率,19
出现,19
联络,19
新闻学,19
从业,19
少儿,19
不限,19
应聘者,19
课件,19
手册,19
每个,19
师资,19
大学,19
事业心,19
客户群,19
挖掘,19
成交,19
喜欢,19
判断力,19
心理,19
薪资,19
规定,19
缴纳,19
待遇,19
底薪,19
多项,19
发送至,19
地址,19
法华,19
镇路,19
号,19
交通路线,19
号线,19
号口,19
即,19
筛选,19
离职,19
期间,19
认同,19
理解,19
电视,19
语言,19
特效,19
Edius,19
强烈,19
兴趣爱好,19
栏目,19
以内,19
具体,19
细节,19
回访,19
工程部,19
维修,19
交房,19
退房,19
联系,19
事物,19
流利,19
普通话,19
报送,19
实际操作,19
职业道德,19
文具,19
产品设计,19
紧急,19
敏感,19
按时,19
顾客,19
退货,19
售后,19
优秀者,19
早晚,19
班,19
点半到,19
点半,19
做事,19
钻展,19
访问量,19
销量,19
规则,19
掌握,19
客源,19
对本,19
基本,19
关注,19
适时,19
贝瑞,19
优势,19
重点,19
气质佳,19
每,19
车辆,19
生育,19
便利,19
https,19
地点,19
广场,19
斜对面,19
物资,19
清洁,19
卫生,19
吃苦耐劳,19
管理员,19
00,19
杭州,19
网上,19
询价,19
报价,19
供应商,19
事务,19
餐饮,19
商品,19
获取,19
行政部,19
上门,19
优厚,19
假期,19
保险,19
公积金,19
强电,19
绘制,19
项目部,19
临时,19
驾驶,19
懂得,19
宝贝,19
页面,19
安装,19
或许,19
映画,19
「,19
」,19
给予,10
资质,10
选项,10
立项,10
答辩,10
顺利完成,10
启动,10
时,10
选点,10
回答,10
提问,10
要点,10
高科技,10
硕士学位,10
文科生,10
经济,10
中英文,10
法律,10
有意,10
该,10
朋友,10
必须,10
社会工作,10
小伙伴,10
工作者,10
工作日,10
7.5,10
休假,10
假日,10
生日会,10
进步,10
前行,10
横,10
纵向,10
双向,10
定制,10
化,10
成长,10
高于,10
平均工资,10
水平,10
可观,10
人性化,10
轻松自如,10
弹性,10
咨询员,10
人才队伍,10
软,10
建,10
嘉,10
科文,10
创,10
多渠道,10
选聘,10
业务流程,10
党建,10
精神文明,10
群团,10
大学本科,10
不良,10
担任,10
过较,10
大规模,10
过硬,10
全局性,10
眼界,10
央企,10
一流,10
人际交往,10
应变能力,10
勤于思考,10
政治,10
立场坚定,10
抗,10
紧急任务,10
含,10
中共党员,10
奖项,10
适当,10
登陆,10
Http,10
hire,10
cetc36,10
cn,10
栏下,10
因,10
某个,10
突出,10
确切,10
可行,10
适合,10
意向,10
限于,10
游戏,10
艺术品,10
分红,10
商议,10
正在,10
已经,10
文产,10
会议纪要,10
确定,10
市级,10
总面积,10
20000,10
平米,10
厂房,10
展厅,10
一层,10
建筑,10
位置,10
海路,10
边上,10
停车位,10
才能,10
成为,10
深圳,10
意义,10
二手房,10
东,10
纯粹,10
加上,10
各级,10
力度,10
十足,10
信心,10
但是,10
饱满,10
标签,10
十分,10
深耕,10
南山,10
80,10
更加,10
找,10
想要,10
工资,10
而是,10
看,10
得,10
明白,10
这,10
两个,10
字,10
觉得,10
合适,10
喝茶,10
聊天,10
空间设计,10
CI,10
VI,10
广告宣传,10
终端,10
4A,10
3Dmax,10
InDesign,10
电脑,10
绘图,10
触觉,10
修图,10
摄影,10
有限,10
之,10
审美观点,10
且,10
室内,10
同行,10
拟定,10
分解,10
广告投放,10
损益,10
预估,10
资信,10
调查,10
评级,10
服务体系,10
主导,10
中介,10
媒介,10
典型,10
全套,10
组建,10
体育,10
冲劲,10
广阔,10
英士,10
博给,10
钱途,10
无量,10
当月,10
业绩考核,10
二年,10
电销,10
搭建,10
录取,10
专业技能,10
素养,10
共同,10
努力,10
适应能力,10
始终保持,10
上班,10
招生,10
主题性,10
／,10
展陈,10
POP,10
延伸,10
美陈,10
设计图,10
应用,10
提案,10
视觉艺术,10
多媒体,10
材质,10
优良,10
感知,10
打样,10
3DMAX,10
PHOTOSHOP,10
品牌设计,10
国际,10
时尚品牌,10
零售,10
对美,10
陈,10
光效,10
卖场,10
连锁店,10
客观,10
思考问题,10
完美,10
本行,10
高标准,10
严要求,10
广泛,10
多方,10
充满热情,10
内涵,10
国内,10
地方,10
特性,10
特征,10
相结合,10
探寻,10
可执行性,10
科技,10
大型项目,10
全案,10
实操,10
公关,10
督导,10
挑战性,10
成就,10
成熟,10
手段,10
天马行空,10
般的,10
跳跃,10
固化,10
传统模式,10
另辟蹊径,10
视野,10
开阔,10
视角,10
解读,10
抓人,10
眼球,10
战略规划,10
可行性,10
公共关系,10
法语,10
客户经理,10
文创园,10
24,10
～,10
书画院,10
公园,10
包吃,10
住,10
双薪,10
休,10
劳动合同,10
200,10
补助,10
天年,10
85,10
人餐标,10
游泳池,10
篮球场,10
乒乓球室,10
阅览室,10
供,10
晚餐,10
菜,10
汤,10
自助餐,10
任吃,10
宿舍,10
空调,10
饮用水,10
热水,10
淋浴,10
多层次,10
外出,10
考察,10
畅通,10
生涯规划,10
自我,10
书画,10
文化节,10
现状,10
筹建,10
旗下,10
承接,10
投资,10
测算,10
外部,10
度假区,10
风景区,10
小镇,10
田园,10
乡村,10
概念,10
主创,10
评审,10
汇报,10
目的,10
实现,10
园林,10
工商管理,10
其中,10
对文旅,10
国际化,10
多个,10
验证,10
盈利,10
曾任,10
艺术总监,10
尤佳,10
较,10
语言表达,10
妥善处理,10
有机,10
重新,10
流行起来,10
几近,10
被,10
淡忘,10
再度,10
焕发,10
光彩,10
助力,10
中小企业,10
SME,10
以人为本,10
休闲,10
有趣,10
聚力,10
首家,10
资深,10
只要,10
想法,10
浓厚,10
快,10
大家庭,10
吧,10
一对一,10
美好,10
cynthia,10
SEO,10
手机,10
第三方,10
反向,10
链接,10
交换,10
创造力,10
网文,10
严谨,10
软文,10
排名,10
论坛,10
社区,10
网络广告,10
友情链接,10
58,10
同城,10
赶集,10
百姓网,10
招租,10
点击率,10
浏览量,10
给出,10
软性,10
事件,10
话题,10
拍摄,10
软硬,10
重大,10
成果,10
事业,10
文件,10
突发状况,10
武汉,10
市场走势,10
研判,10
五大,10
行,10
同,10
积极参与,10
研讨,10
拟订,10
城市,10
博物馆,10
设计组,10
融入,10
展项,10
前期工作,10
完稿,10
全球,10
技术,10
资料库,10
编撰,10
出差,10
美术设计,10
询盘,10
网络平台,10
促进,10
成,10
单,10
途径,10
单独,10
国际贸易,10
商务英语,10
四级,10
六级,10
直接,10
国外,10
Excel,10
Word,10
文档,10
阳光,10
这点,10
热爱,10
这项,10
作,10
有志,10
青年,10
应届,10
毕业生,10
有心,10
联系电话,10
15879161142,10
陈经理,10
业务员,10
跨境,10
针对性,10
述求,10
利润,10
核算,10
解释,10
极强,10
EXCEL,10
POWERPOINT,10
WORD,10
演示,10
纪念品,10
收藏,10
资源优势,10
渗透率,10
吸引,10
用户注册,10
量,10
产品组合,10
充分,10
高层领导,10
其它,10
汉语言,10
文学,10
产品策划,10
线,10
产品销售,10
财务部,10
出纳,10
帐务,10
支付,10
监管,10
出纳员,10
26,10
创业园,10
区,10
三年,10
务必,10
发送,10
一张,10
全身,10
近照,10
谢谢,10
办事处,10
分公司,10
分支机构,10
辅导,10
实施方案,10
模式,10
教学方法,10
工单,10
教学资源,10
高校,10
紧密,10
本科学历,10
广告学,10
传播学,10
汽车行业,10
关于,10
汽车品牌,10
内训师,10
企业家,10
中高管,10
房产,10
促成,10
学员,10
市场动态,10
敏锐度,10
销售主管,10
浮动,10
绩效奖金,10
年终奖金,10
每季度,10
聚会,10
超值,10
资本,10
总裁班,10
快乐,10
预约,10
13681758706,10
张老师,10
求职意向,10
来电,10
申请,10
请,10
agnes2010,10
163,10
..,10
上海市,10
535,10
交大,10
长宁,10
校区,10
主楼,10
626,10
室,10
地铁,10
沿,10
直,10
走,10
设定,10
选拔,10
才,10
梯队,10
建成,10
从入,10
职到,10
所有,10
决策,10
新通,10
诚实,10
守信,10
板块,10
相处,10
脚本,10
广告片,10
编排,10
传达,10
诉求,10
合成,10
偏,10
左右,10
蓝,10
铅笔,10
手工,10
AE,10
Premiere,10
动画设计,10
基础,10
图形,10
嗅觉,10
尤其,10
规律,10
节奏感,10
调色,10
请以,10
姓名,10
标题,10
DEMO,10
分钟,10
大小,10
兆,10
尺寸,10
压缩,10
打包,10
zhuxiacui,10
lanqb,10
尽快,10
宣传册,10
海报,10
广告创意,10
产品线,10
线下,10
扎实,10
想象,10
空间感,10
前沿,10
观察力,10
品质,10
极致,10
Indesign,10
制图,10
投诉,10
对方,10
报修,10
给,10
二次,10
拜会,10
就,10
意见,10
再,10
时间表,10
表单,10
接听电话,10
转达,10
乐意,10
仪表,10
端庄,10
操,10
行政,10
文书,10
中型,10
商住,10
大厦,10
酒店,10
为佳,10
草案,10
模板,10
提议,10
召开,10
高层,10
审议,10
差异,10
审核,10
报表,10
建立健全,10
作业,10
监督机制,10
审查,10
绩效,10
绩效考核,10
指标体系,10
整改意见,10
本年度,10
可能,10
其他支出,10
审计,10
通晓,10
预算编制,10
推行,10
写作能力,10
原则性,10
开发新,10
包含,10
家居,10
毛绒,10
公仔,10
手办类,10
3c,10
类产品,10
对应,10
遇到,10
顺利,10
按计划,10
工艺流程,10
消费者,10
最新,10
材料,10
新工艺,10
共享,10
流行,10
授权,10
3d,10
较为,10
图稿,10
家居用品,10
时尚,10
用品,10
注重,10
交往,10
重要性,10
加以,10
合理安排,10
团队精神,10
予以,10
观念,10
玩具,10
沟通交流,10
引导,10
下单,10
退款,10
简单,10
休息,10
一天,10
丰厚,10
品行端正,10
分,10
下午,10
晚上,10
班轮,10
踏实,10
短期,10
勿扰,10
客,10
访客,10
转化,10
明确,10
销售额,10
产生,10
数据报表,10
UV,10
PV,10
跳出,10
分布,10
平时,10
采集,10
增强,10
吸引力,10
深度,10
跨部门,10
淘内,10
淘宝网,10
交易,10
出具,10
总体,10
市场策略,10
分管,10
结构,10
大户,10
要,10
他们,10
随时,10
做出,10
组组,10
员,10
审定,10
督查,10
客户档案,10
合理,10
始终,10
致力,10
于高端,10
礼赠,10
已,10
成立,10
重庆,10
北京,10
成都,10
家,10
注册资金,10
5000,10
万元,10
百名,10
原创,10
上作,10
外观设计,10
专利,10
余项,10
西南,10
领跑者,10
口碑,10
健全,10
所属,10
接洽,10
异议,10
协议,10
友好,10
关联,10
愿望,10
优点,10
采购部,10
设计部,10
配送,10
合同,10
收回,10
应收,10
帐款,10
22,10
性格外向,10
反应,10
交际,10
勇于,10
判断能力,10
正直,10
诚信,10
员工福利,10
一位,10
午餐,10
年休假,10
通讯,10
司龄,10
津贴,10
体检,10
结婚,10
抚恤金,10
春节,10
三八妇女节,10
六一,10
儿童节,10
端午节,10
中秋节,10
传统节日,10
全体,10
送予,10
以示,10
慰问,10
国内外,10
宽敞,10
舒适,10
紧邻,10
和善,10
友爱,10
公平,10
公正,10
欢迎您,10
http,10
li66,10
天猫店,10
bashuyipin,10
tmall,10
？,10
spm,10
a220o.1000855,10
1997427721,10
d4918089.3,10
e3d5a54D3WehC,10
京东,10
mall,10
jd,10
index,10
89894,10
html,10
沙坪坝区,10
三峡,10
南开,10
体育馆,10
楼,10
红色,10
乘车,10
路线,10
轻轨,10
沙坪坝,10
华夏银行,10
上坡,10
雅戈尔,10
即到,10
推动,10
展开,10
元素,10
核心,10
取向,10
宣贯,10
内化,10
对内,10
凝聚力,10
宣传品,10
补充,10
喜好,10
公文,10
报道,10
写作,10
融洽,10
感染力,10
金蝶,10
用友,10
验收,10
入库,10
对账,10
仓内,10
货品,10
整洁,10
整齐,10
领料,10
单证,10
存档,10
录入,10
物流,10
仓储,10
进出,10
货,10
技能,10
按质,10
按量,10
听从,10
55,10
17,10
12,10
21,10
主城区,10
余杭区,10
滨江区,10
就近,10
清洁工,10
展会,10
手袋,10
皮具,10
金属,10
塑胶制品,10
稳定,10
订单,10
收集整理,10
比价,10
有效率,10
悟性,10
敏感性,10
勤奋,10
进,10
采购员,10
供应链,10
品,10
出品,10
范围,10
上班时间,10
晚十到,10
早八,10
全职,10
均,10
重说,10
三,10
服务员,10
店员,10
营业员,10
书店,10
芸,10
台书舍,10
咖啡师,10
办公室,10
工会主席,10
邀约,10
后续,10
转,10
愿,10
高薪,10
约访,10
上海地区,10
礼品公司,10
薪金,10
4000,10
6000,10
比例,10
平均,10
年收入,10
万,10
病假,10
养老保险,10
医疗保险,10
工伤保险,10
失业,10
住房,10
丰富多彩,10
优秀员工,10
表彰,10
多元化,10
在职,10
初试,10
复试,10
候选人,10
入职,10
转正,10
工资表,10
固定资产,10
办公用品,10
登记,10
地产,10
领会,10
前期,10
意图,10
总体设计,10
业主,10
参考,10
深化,10
厅,10
馆类,10
图,10
进入,10
工地,10
实地考察,10
测量,10
核实,10
确认,10
去,10
施工现场,10
查看,10
检查,10
是否,10
一致,10
工程量,10
追加,10
偏差,10
结束,10
竣工,10
对接,10
图画纸,10
同类,10
竞品,10
搜集,10
动向,10
数据库,10
信息库,10
内外部,10
监测,10
上级,10
excel,10
word,10
ppt,10
自觉,10
敬业,10
理解力,10
高中毕业,10
同等学历,10
交通法规,10
细则,10
出车,10
通知单,10
行车,10
当地,10
周边城市,10
驾照,10
C1,10
照,10
退伍军人,10
司机,10
无,10
吊销,10
人品,10
端正,10
性能,10
常用工具,10
SDL,10
Trados,10
memoQ,10
常见,10
指南,10
守时,10
交付,10
令人满意,10
英语翻译,10
英文,10
密切,10
竞对,10
网铺,10
会议,10
暂无,10
事宜,10
旺旺,10
买家,10
全日制,10
大学专科,10
DW,10
上岗,10
账号,10
即可,10
具体情况,10
手,10
佳善,10
懂,10
人亲,10
善良,10
版面,10
照片,10
排版,10
店内,10
美化,10
产品图片,10
主页,10
摄影者,10
Ddreamweaver,10
模块,10
带上,10
面议,10
学徒工,10
招,10
师能,10
吃苦,10
淘,10
内外,10
讨论,10
围绕,10
项,10
年销量,10
千万级,10
操盘,10
逻辑性,10
统计,10
年限,10
上调,10
专科,10
广告行业,10
非线,10
贴合,10
类型,10
导演,10
表现手法,10
节奏,10
驾驭能力,10
色彩,10
构图,10
艺术修养,10
吸取,10
养分,10
好奇心,10
个,10
PR,10
Final,10
cut,10
按,10
高强度,10
加班,10
映画致,10
正,10
刚刚,10
启程,10
已阅,10
尽,10
风雨,10
精益求精,10
创立,10
七载,10
秉承,10
创造,10
影像,10
网易,10
六间房,10
IN,10
诸多,10
知名企业,10
了,10
大量,10
优秀作品,10
满载,10
攀过,10
高峰,10
跨过,10
低谷,10
灌注,10
带,10
着,10
面对,10
永不,10
妥协,10
迸发,10
推敲,10
内核,10
眼光,10
光影,10
魅力,10
手法,10
触发,10
头脑,10
风暴,10
永无止境,10
执着,10
末,10
始与终,10
相遇,10
涉足,10
影视广告,10
记录片,10
MV,10
摄影部,10
万达,10
附近,10
超,10
文艺,10
清新,10
调性,10
十佳,10
多路,10
公交,10
直达,10
团建,10
